ID,PredictedGenre
1,drama
2,drama
3,drama
4,drama
5,drama
6,comedy
7,horror
8,comedy
9,comedy
10,comedy
11,documentary
12,documentary
13,documentary
14,documentary
15,documentary
16,horror
17,horror
18,horror
19,horror
20,horror
21,thriller
22,thriller
23,thriller
24,documentary
25,thriller
26,action
27,action
28,action
29,action
30,action
31,western
32,western
33,western
34,western
35,western
36,sci-fi
37,sci-fi
38,sci-fi
39,sci-fi
40,sci-fi
41,romance
42,romance
43,romance
44,romance
45,romance
46,animation
47,animation
48,animation
49,animation
50,animation
51,family
52,family
53,family
54,family
55,family
56,adventure
57,adventure
58,adventure
59,adventure
60,adventure
61,mystery
62,mystery
63,mystery
64,mystery
65,mystery
66,short
67,short
68,short
69,short
70,short
71,reality-tv
72,reality-tv
73,reality-tv
74,reality-tv
75,reality-tv
76,talk-show
77,talk-show
78,talk-show
79,talk-show
80,talk-show
81,game-show
82,game-show
83,game-show
84,game-show
85,game-show
86,sport
87,sport
88,sport
89,sport
90,sport
91,music
92,music
93,music
94,music
95,music
96,biography
97,biography
98,biography
99,biography
100,biography
101,history
102,history
103,history
104,history
105,history
106,news
107,news
108,news
109,news
110,news
111,war
112,war
113,war
114,war
115,war
116,fantasy
117,fantasy
118,fantasy
119,fantasy
120,fantasy
121,musical
122,musical
123,musical
124,musical
125,musical
126,adult
127,adult
128,adult
129,adult
130,adult
131,crime
132,crime
133,crime
134,crime
135,crime
